{
    "accuracy": 0.7053571428571429,
    "loss": 0.866566389799118
}