{
    "accuracy": 0.5952380952380952,
    "loss": 0.9499077030590602
}