{
    "accuracy": 0.359375,
    "loss": 0.81639763712883
}