{
    "accuracy": 0.6015625,
    "loss": 1.1990145444869995
}