{
    "accuracy": 0.5639880952380952,
    "loss": 1.2885290128844125
}