{
    "accuracy": 0.4592013888888889,
    "loss": 0.5078085958957672
}