{
    "accuracy": 0.6171875,
    "loss": 0.44598206132650375
}