{
    "accuracy": 0.6328125,
    "loss": 1.2206675112247467
}