{
    "accuracy": 0.5243055555555556,
    "loss": 0.5618365406990051
}