{
    "accuracy": 0.640625,
    "loss": 0.4109562709927559
}