{
    "accuracy": 0.609375,
    "loss": 1.2122692167758942
}