{
    "accuracy": 0.4765625,
    "loss": 0.6731051877140999
}