{
    "accuracy": 0.5234375,
    "loss": 0.5439567565917969
}