{
    "accuracy": 0.59375,
    "loss": 0.8073498606681824
}