{
    "accuracy": 0.4765625,
    "loss": 0.2627820819616318
}