{
    "accuracy": 0.53125,
    "loss": 0.49159738421440125
}