{
    "accuracy": 0.6171875,
    "loss": 0.6458633691072464
}