{
    "accuracy": 0.640625,
    "loss": 1.5131128132343292
}