{
    "accuracy": 0.9285714285714286,
    "loss": 0.5012796350887844
}