{
    "accuracy": 0.7857142857142857,
    "loss": 0.6390773185661861
}