{
    "accuracy": 0.8883928571428571,
    "loss": 0.47562743510518757
}